max_depth,min_samples_split,min_samples_leaf,split0_test_score,split1_test_score,split2_test_score,split3_test_score,split4_test_score,mean_test_score,std_test_score,rank_test_score,mean_fit_time,std_fit_time,mean_score_time,std_score_time
20,100,10,0.49531459170013387,0.5369393139841688,0.5114093959731544,0.5205479452054794,0.5572519083969466,0.5242926310519767,0.021288399353413836,1,0.8907958507537842,0.056624016326441685,0.029990243911743163,0.0031730335085081735
,100,10,0.49531459170013387,0.5369393139841688,0.5114093959731544,0.5205479452054794,0.5555555555555556,0.5239533604836983,0.020767574234722166,2,1.1588794708251953,0.17881543764305152,0.029743671417236328,0.004817654202631429
20,100,1,0.4952120383036936,0.5343811394891945,0.5016857720836143,0.5320855614973262,0.5459183673469388,0.5218565757441536,0.019785142695498383,3,0.8525916576385498,0.06044602729113842,0.024596357345581056,0.0015951072672009887
,100,1,0.4969283276450512,0.5342913128674069,0.5013477088948787,0.5346666666666666,0.5412371134020618,0.5216942258952131,0.01863451497647041,4,1.2113763809204101,0.09902466311028295,0.02889671325683594,0.002579655702590776
20,100,5,0.49445983379501385,0.5256837891927952,0.49831195138419987,0.5280974949221394,0.5568181818181818,0.520674250222466,0.022688551614089645,5,0.9190182685852051,0.05515971032436128,0.03126540184020996,0.0016456835857985533
20,100,2,0.4924346629986245,0.5248508946322068,0.5006765899864682,0.5310206804536357,0.5492689129052766,0.5196503481952423,0.020660525335422602,6,0.8151429176330567,0.041400826641334966,0.028105545043945312,0.0030162150163293377
,100,5,0.4927536231884058,0.525965379494008,0.4993252361673414,0.5261016949152543,0.5513720485003191,0.5191035964530657,0.021084663017243342,7,1.161381149291992,0.10571799160233279,0.031774282455444336,0.0012991687968435073
15,100,10,0.49531459170013387,0.5321831453218314,0.5057471264367817,0.5213204951856947,0.540327868852459,0.5189786454993801,0.01655713110542755,8,0.5761118412017823,0.023386890742097016,0.024199485778808594,0.0011390045516733273
15,100,1,0.4996614759647935,0.5318302387267905,0.4886753603294441,0.5429326287978864,0.531578947368421,0.5189357302374671,0.020924422543328623,9,0.5915028572082519,0.04707653242338903,0.024626398086547853,0.0015751239847564115
,100,2,0.49074708704592185,0.5270805812417437,0.5006765899864682,0.5310206804536357,0.5442875481386393,0.5187624973732818,0.01991454267646166,10,1.1267940998077393,0.05704081019226086,0.029614639282226563,0.001207384635225559
15,100,5,0.5013550135501355,0.5208613728129206,0.48770491803278687,0.5371734762223711,0.5408229915088177,0.5175835544254064,0.02044836921110953,11,0.5682556629180908,0.017952372701598086,0.024525928497314452,0.0016948211609976254
15,100,2,0.49626104690686607,0.5197588747488279,0.4876373626373626,0.5436507936507936,0.533508541392904,0.5161633238673509,0.021350300440754276,12,0.5801419258117676,0.021314987641686007,0.024357032775878907,0.0013687745752948353
20,50,5,0.5213394615889692,0.5122897800776197,0.5212903225806451,0.5030181086519114,0.5083836351441985,0.5132642616086687,0.007202503575855214,13,1.0225786209106444,0.06481482129698206,0.03181138038635254,0.00299923525471221
,50,5,0.518664047151277,0.5166240409207161,0.5231958762886598,0.5020134228187919,0.5003417634996582,0.5121678301358206,0.009237362091674828,14,1.2591931343078613,0.06565144766476018,0.03270740509033203,0.00214368999073763
20,50,10,0.49801324503311256,0.5151710781149128,0.5066489361702128,0.5050505050505051,0.5208053691275167,0.509137826699252,0.007989853071645223,15,0.9595118999481201,0.02866270864236646,0.030570077896118163,0.008141841598516475
,50,10,0.4983476536682089,0.5182341650671785,0.5069860279441117,0.5050234427327528,0.5149051490514905,0.5086992876927485,0.007113789761633035,16,1.1550023555755615,0.08813792953014128,0.03176093101501465,0.0024803582681891317
15,50,1,0.5148123765635286,0.5140983606557377,0.5056403450564034,0.5109489051094891,0.49173553719008267,0.5074471049150484,0.008495490280716457,17,0.6244056224822998,0.018290871005760007,0.02264537811279297,0.0030613104189999474
,100,20,0.4865979381443299,0.5129251700680272,0.4837595024187975,0.5109078114004222,0.5400788436268068,0.5068538531316766,0.020498032038280736,18,1.0390638351440429,0.11249917272896515,0.03229556083679199,0.005325904666675185
20,50,1,0.5102175346077785,0.5125563425627817,0.5179948586118251,0.48747461069735953,0.5046854082998661,0.5065857509559222,0.01046759321264116,19,0.8419901847839355,0.03558568357045942,0.024902153015136718,0.0015669494974538845
20,100,20,0.4865979381443299,0.5129251700680272,0.4777158774373259,0.5109078114004222,0.5406824146981627,0.5057658423496536,0.022140785563633848,20,1.0261670112609864,0.13755513324154472,0.03885893821716309,0.008604565343666166
,50,1,0.5137254901960784,0.5146496815286624,0.5178571428571429,0.48484848484848486,0.49762066621346024,0.5057402931287658,0.012588523469159296,21,1.3911945343017578,0.07338445542994548,0.030491161346435546,0.0018141349139812251
15,50,5,0.5176933158584535,0.5,0.5059920106524634,0.5077233042310275,0.4948168624740843,0.5052450986432058,0.007719024053583529,22,0.6195764064788818,0.02428873979574151,0.025599098205566405,0.0016727156389175963
15,50,2,0.5089463220675944,0.5043017868960953,0.5049833887043189,0.511968085106383,0.4934527911784976,0.5047304747905779,0.006286338485309238,23,0.6300756931304932,0.01816664320842831,0.02672748565673828,0.0026427899285308234
20,50,2,0.5039893617021277,0.5032679738562091,0.51875808538163,0.4861205145565335,0.5087014725568942,0.5041674816106789,0.010582784634082276,24,0.8363620281219483,0.022913329359061284,0.02688941955566406,0.001567548911202054
,50,2,0.5062623599208965,0.5071151358344114,0.5184227537168714,0.4854631507775524,0.5020408163265306,0.5038608433152525,0.01067889999301085,25,1.2621014595031739,0.10619929668940503,0.031866598129272464,0.002581235442386049
,50,20,0.4832764505119454,0.5076615589606929,0.5060893098782138,0.5128900949796472,0.508833922261484,0.5037502673183967,0.010481664889602183,26,1.2235811710357667,0.1904142816071165,0.03672881126403808,0.00872577515348063
15,100,20,0.4865979381443299,0.5129251700680272,0.4777158774373259,0.5109078114004222,0.522972972972973,0.5022239540046156,0.01711879307281802,27,0.5448074817657471,0.05886133002080573,0.022309255599975587,0.0037621917237326856
20,50,20,0.4789687924016282,0.5076615589606929,0.49897750511247446,0.5128900949796472,0.512280701754386,0.5021557306417657,0.012615791578131492,28,1.0841763019561768,0.08664886351001284,0.039458417892456056,0.016705397769616364
15,50,10,0.49333333333333335,0.5092105263157894,0.4946091644204852,0.5067567567567568,0.5017325017325017,0.5011284565117733,0.006334470796079799,29,0.6173978328704834,0.06402502733853734,0.024484729766845702,0.001731613952280591
15,2,1,0.4993581514762516,0.5155038759689923,0.4756179024716099,0.5084087968952135,0.4924885695623775,0.4982754592748889,0.01376610379413595,30,0.7211552619934082,0.029858336841071174,0.02569303512573242,0.0006414644245404765
,2,20,0.48214285714285715,0.5003362474781439,0.48931771192281187,0.5119128658951668,0.5069252077562327,0.49812697803904255,0.011003960304572813,31,1.1035636901855468,0.05754032137167314,0.04903054237365723,0.0198765971002612
,5,20,0.48214285714285715,0.5003362474781439,0.48931771192281187,0.5119128658951668,0.5069252077562327,0.49812697803904255,0.011003960304572813,31,1.1491379261016845,0.07831300720146837,0.03853330612182617,0.009402060799623949
,10,20,0.48214285714285715,0.5003362474781439,0.48931771192281187,0.5119128658951668,0.5069252077562327,0.49812697803904255,0.011003960304572813,31,1.1593832492828369,0.11474265621734299,0.038312339782714845,0.01704666950095911
,20,20,0.48214285714285715,0.5003362474781439,0.48931771192281187,0.5119128658951668,0.5069252077562327,0.49812697803904255,0.011003960304572813,31,1.1612576007843018,0.14388239419853993,0.03142871856689453,0.0016720452159010373
15,50,20,0.4785859959211421,0.5053619302949062,0.4969283276450512,0.5128900949796472,0.49239681390296886,0.49723263254874306,0.011682605981474904,35,0.5948215961456299,0.022934015606544914,0.023507213592529295,0.0012176381185266183
20,2,20,0.48214285714285715,0.49898580121703856,0.4826629680998613,0.5085207907293797,0.5103163686382394,0.4965257571654752,0.012158604734638702,36,0.9562978267669677,0.03931081697688862,0.03938560485839844,0.016786739703357312
20,5,20,0.48214285714285715,0.49898580121703856,0.4826629680998613,0.5085207907293797,0.5103163686382394,0.4965257571654752,0.012158604734638702,36,0.991526985168457,0.09402104221600446,0.03330588340759277,0.0018774653674646434
20,10,20,0.48214285714285715,0.49898580121703856,0.4826629680998613,0.5085207907293797,0.5103163686382394,0.4965257571654752,0.012158604734638702,36,1.0107094287872314,0.0879796965540475,0.035072946548461915,0.005330382571928726
20,20,20,0.48214285714285715,0.49898580121703856,0.4826629680998613,0.5085207907293797,0.5103163686382394,0.4965257571654752,0.012158604734638702,36,1.0236229419708252,0.03414456520767728,0.030212831497192384,0.0027346125634166857
,20,5,0.5009560229445507,0.5104496516782774,0.4860557768924303,0.4950884086444008,0.4863102998696219,0.4957720320058562,0.009238004228707233,40,1.2756532192230225,0.0507351087008524,0.03034939765930176,0.003400177470273544
10,100,5,0.4860335195530726,0.5063113604488079,0.4792691496837667,0.5143658023826209,0.4924187725631769,0.495679720926289,0.012924327702398136,41,0.43068957328796387,0.04950806172803739,0.0329925537109375,0.013259276546197631
20,2,50,0.4811715481171548,0.5024288688410826,0.45017921146953405,0.5031446540880503,0.5392221489782465,0.4952292862988136,0.02924718190753094,42,0.87747802734375,0.03428668702942051,0.03097667694091797,0.003306848772799135
20,5,50,0.4811715481171548,0.5024288688410826,0.45017921146953405,0.5031446540880503,0.5392221489782465,0.4952292862988136,0.02924718190753094,42,0.9133870601654053,0.05352005573507106,0.03055882453918457,0.0019880698846910625
20,10,50,0.4811715481171548,0.5024288688410826,0.45017921146953405,0.5031446540880503,0.5392221489782465,0.4952292862988136,0.02924718190753094,42,0.8391402721405029,0.03912318529866763,0.029064369201660157,0.0018360761146026384
20,20,50,0.4811715481171548,0.5024288688410826,0.45017921146953405,0.5031446540880503,0.5392221489782465,0.4952292862988136,0.02924718190753094,42,0.8837060451507568,0.054671459659700265,0.028603410720825194,0.0017765959818428225
20,50,50,0.4811715481171548,0.5024288688410826,0.45017921146953405,0.5031446540880503,0.5392221489782465,0.4952292862988136,0.02924718190753094,42,0.8594213962554932,0.03073891317531495,0.02921128273010254,0.0008205590552125236
20,100,50,0.4811715481171548,0.5024288688410826,0.45017921146953405,0.5031446540880503,0.5392221489782465,0.4952292862988136,0.02924718190753094,42,0.835899543762207,0.028640658967319443,0.030876588821411134,0.0017536646941779305
,2,50,0.4811715481171548,0.5024288688410826,0.45017921146953405,0.5031446540880503,0.5392221489782465,0.4952292862988136,0.02924718190753094,42,0.8968732833862305,0.07658955508684467,0.030307579040527343,0.001919063227680671
,5,50,0.4811715481171548,0.5024288688410826,0.45017921146953405,0.5031446540880503,0.5392221489782465,0.4952292862988136,0.02924718190753094,42,0.9611811637878418,0.17993139907173278,0.03967370986938477,0.016623031957013812
,10,50,0.4811715481171548,0.5024288688410826,0.45017921146953405,0.5031446540880503,0.5392221489782465,0.4952292862988136,0.02924718190753094,42,0.9904679298400879,0.10530474894274341,0.0378075122833252,0.015926055379463382
,20,50,0.4811715481171548,0.5024288688410826,0.45017921146953405,0.5031446540880503,0.5392221489782465,0.4952292862988136,0.02924718190753094,42,0.9518490791320801,0.05441961359484992,0.02753868103027344,0.002286003938477614
,50,50,0.4811715481171548,0.5024288688410826,0.45017921146953405,0.5031446540880503,0.5392221489782465,0.4952292862988136,0.02924718190753094,42,0.8790971755981445,0.04861207547802856,0.023026084899902342,0.004866609223413365
,100,50,0.4811715481171548,0.5024288688410826,0.45017921146953405,0.5031446540880503,0.5392221489782465,0.4952292862988136,0.02924718190753094,42,0.8674427032470703,0.07332899112061544,0.014689874649047852,0.0008037052236493459
20,20,5,0.4948186528497409,0.5038759689922481,0.47989276139410186,0.49967553536664505,0.4941935483870968,0.49449129339796655,0.0081026101198285,54,1.0951382160186767,0.04729212072794219,0.030634737014770506,0.005542207829610813
10,100,1,0.4780763790664781,0.5066666666666667,0.4763250883392226,0.5153631284916201,0.49094858797972485,0.4934759701087425,0.015431979704027104,55,0.4825373649597168,0.08862378752806732,0.030467653274536134,0.005703739846226124
20,20,1,0.5032010243277849,0.5085173501577287,0.4695879659908437,0.48868778280542985,0.4964447317388494,0.49328777100412735,0.013586903420803542,56,0.9187512874603272,0.016884198937036892,0.024796819686889647,0.0015308390152650121
20,20,2,0.5089974293059126,0.5048293625241468,0.4714475431606906,0.4830729166666667,0.4974293059125964,0.49315531151400266,0.013988603103798833,57,0.934917688369751,0.037922632815580996,0.026645851135253907,0.0023990192286487103
10,100,2,0.47625797306874557,0.5077138849929874,0.4752475247524752,0.5153631284916201,0.49094858797972485,0.4931062198571106,0.016224707385263427,58,0.39262166023254397,0.022198664580552765,0.027080392837524413,0.0019705060235133925
15,2,50,0.4811715481171548,0.5024288688410826,0.45017921146953405,0.5031446540880503,0.5273095077545515,0.49284675805407463,0.025854882267741547,59,0.5501443386077881,0.021352268845359082,0.02494845390319824,0.0011653404919892225
15,5,50,0.4811715481171548,0.5024288688410826,0.45017921146953405,0.5031446540880503,0.5273095077545515,0.49284675805407463,0.025854882267741547,59,0.548357343673706,0.016786650400104356,0.02428774833679199,0.0015200744242195596
15,10,50,0.4811715481171548,0.5024288688410826,0.45017921146953405,0.5031446540880503,0.5273095077545515,0.49284675805407463,0.025854882267741547,59,0.560219144821167,0.02522751004203018,0.02404751777648926,0.0010895170681625014
15,20,50,0.4811715481171548,0.5024288688410826,0.45017921146953405,0.5031446540880503,0.5273095077545515,0.49284675805407463,0.025854882267741547,59,0.5626016616821289,0.03923554928077949,0.026219511032104494,0.002989365607524406
15,50,50,0.4811715481171548,0.5024288688410826,0.45017921146953405,0.5031446540880503,0.5273095077545515,0.49284675805407463,0.025854882267741547,59,0.5287187099456787,0.015762729145061122,0.02606816291809082,0.002271325115263469
15,100,50,0.4811715481171548,0.5024288688410826,0.45017921146953405,0.5031446540880503,0.5273095077545515,0.49284675805407463,0.025854882267741547,59,0.5444705486297607,0.020924295244383724,0.024166107177734375,0.0014851653980603127
,20,2,0.5108005082592122,0.509090909090909,0.47575360419397117,0.4740932642487047,0.49019607843137253,0.4919868728448339,0.015706101475070365,65,1.3734259128570556,0.07604672279559767,0.029597711563110352,0.0014803922031175188
,2,10,0.47455386649041637,0.5093008338678641,0.4936960849369608,0.4957152274225445,0.4828042328042328,0.49121404910440364,0.01184769670560119,66,1.3306938648223876,0.12457883051195627,0.03998584747314453,0.01463226398831921
,5,10,0.47455386649041637,0.5093008338678641,0.4936960849369608,0.4957152274225445,0.4828042328042328,0.49121404910440364,0.01184769670560119,66,1.4208463191986085,0.1808307496600859,0.03866147994995117,0.009987048962657777
,10,10,0.47455386649041637,0.5093008338678641,0.4936960849369608,0.4957152274225445,0.4828042328042328,0.49121404910440364,0.01184769670560119,66,1.484722900390625,0.2072423686031367,0.030577421188354492,0.0032042902277504026
,20,10,0.47455386649041637,0.5093008338678641,0.4936960849369608,0.4957152274225445,0.4828042328042328,0.49121404910440364,0.01184769670560119,66,1.4033427238464355,0.20133144030168987,0.03445272445678711,0.007097685208676757
20,2,10,0.4741721854304636,0.5042125729099157,0.49099399599733157,0.4924092409240924,0.4937458854509546,0.49110677614255155,0.009666605436278022,70,1.0971246719360352,0.05257969562918119,0.03270883560180664,0.004229697601592968
20,5,10,0.4741721854304636,0.5042125729099157,0.49099399599733157,0.4924092409240924,0.4937458854509546,0.49110677614255155,0.009666605436278022,70,1.26817889213562,0.1365687530144107,0.029371166229248048,0.0013447494912011842
20,10,10,0.4741721854304636,0.5042125729099157,0.49099399599733157,0.4924092409240924,0.4937458854509546,0.49110677614255155,0.009666605436278022,70,1.0709063053131103,0.05415575142252017,0.030768394470214844,0.00224405196723557
20,20,10,0.4741721854304636,0.5042125729099157,0.49099399599733157,0.4924092409240924,0.4937458854509546,0.49110677614255155,0.009666605436278022,70,1.0948240756988525,0.06549191018487986,0.030516862869262695,0.0024069691824508406
15,5,1,0.48739495798319327,0.4986979166666667,0.4678837052062204,0.499672131147541,0.4996704021094265,0.49066382262260955,0.01229986983001658,74,0.68524169921875,0.04538578966228216,0.023894309997558594,0.002962736014534106
10,100,10,0.48005502063273725,0.5069832402234636,0.4574314574314574,0.5154929577464789,0.4930909090909091,0.49061071702500925,0.020521319477026647,75,0.4115872383117676,0.0487388981878453,0.027740049362182616,0.002017372961908763
15,2,20,0.4750171115674196,0.49794801641586867,0.4808362369337979,0.508544087491456,0.4896797153024911,0.49040503354220666,0.011956571135490547,76,0.6082660675048828,0.02387028432250259,0.023576641082763673,0.0008533561980676658
15,5,20,0.4750171115674196,0.49794801641586867,0.4808362369337979,0.508544087491456,0.4896797153024911,0.49040503354220666,0.011956571135490547,76,0.6055872917175293,0.012675360448250385,0.024173498153686523,0.0017275881181445447
15,10,20,0.4750171115674196,0.49794801641586867,0.4808362369337979,0.508544087491456,0.4896797153024911,0.49040503354220666,0.011956571135490547,76,0.6058153629302978,0.0177366503422609,0.02805356979370117,0.006439230187421281
15,20,20,0.4750171115674196,0.49794801641586867,0.4808362369337979,0.508544087491456,0.4896797153024911,0.49040503354220666,0.011956571135490547,76,0.598723316192627,0.018044884713618876,0.024297237396240234,0.0010107443805598226
15,20,2,0.5006535947712418,0.5019556714471969,0.4642857142857143,0.5003282994090611,0.48406779661016947,0.4902582153046767,0.014554676781864652,80,0.6666129112243653,0.015275722364772433,0.023134660720825196,0.004021348145142525
15,10,1,0.49186727391021473,0.49473684210526314,0.46028513238289204,0.4956810631229236,0.49867724867724866,0.48824951203970846,0.014150235509036881,81,0.7456178188323974,0.061303373849170464,0.031231260299682616,0.013115939150115141
,20,1,0.5030978934324659,0.5094454600853139,0.4710375556970083,0.47770700636942676,0.4786885245901639,0.4879952880348758,0.015285469193158,82,1.4128570556640625,0.09554411823346035,0.038885641098022464,0.014934683423460002
15,20,1,0.48677248677248675,0.5129533678756477,0.4582763337893297,0.5,0.48070412999322953,0.48774126368613874,0.018463849473062822,83,0.7432122707366944,0.09335480708869905,0.023478078842163085,0.003766344117788208
10,50,5,0.4948453608247423,0.49726027397260275,0.5041208791208791,0.4802300503235083,0.4618867924528302,0.4876686713389125,0.015061322753776078,84,0.41689143180847166,0.022457626663179762,0.025540733337402345,0.00410068778673032
20,2,1,0.4935064935064935,0.4758364312267658,0.4845034788108792,0.479064039408867,0.4972510690287111,0.4860323023963433,0.008204560159171273,85,1.0050220966339112,0.026354711752907826,0.024945783615112304,0.00128191998625715
20,5,1,0.4880803011292346,0.47470331043098063,0.4849648112603967,0.4827586206896552,0.4993849938499385,0.48597840747204113,0.008033389480708527,86,0.9703774929046631,0.03085231943855082,0.025168752670288085,0.0017921756495186938
15,20,5,0.49411764705882355,0.49836065573770494,0.4571026722925457,0.5042567125081859,0.47560975609756095,0.4858894887389642,0.017291276464936514,87,0.647209358215332,0.015119091819647355,0.025820398330688478,0.0022374821209403795
15,2,10,0.4606971975393028,0.5118421052631579,0.47332421340629277,0.505685618729097,0.47434119278779474,0.48517806554512904,0.019943897671641956,88,0.6727086067199707,0.010455316244919128,0.024280691146850587,0.0016994476492289874
15,5,10,0.4606971975393028,0.5118421052631579,0.47332421340629277,0.505685618729097,0.47434119278779474,0.48517806554512904,0.019943897671641956,88,0.6693652153015137,0.03617996658541302,0.029696083068847655,0.01299371504930777
15,10,10,0.4606971975393028,0.5118421052631579,0.47332421340629277,0.505685618729097,0.47434119278779474,0.48517806554512904,0.019943897671641956,88,0.6472537517547607,0.02573959376147948,0.024846935272216798,0.0010767797468010053
15,20,10,0.4606971975393028,0.5118421052631579,0.47332421340629277,0.505685618729097,0.47434119278779474,0.48517806554512904,0.019943897671641956,88,0.6564748287200928,0.03677052696874911,0.02445807456970215,0.0016031099215912186
10,2,50,0.47658979734451434,0.49506346967559944,0.4449275362318841,0.5021097046413502,0.49746192893401014,0.48323048736547164,0.021024714380541737,92,0.38057479858398435,0.0235717785359972,0.024425792694091796,0.0006695321189988168
10,5,50,0.47658979734451434,0.49506346967559944,0.4449275362318841,0.5021097046413502,0.49746192893401014,0.48323048736547164,0.021024714380541737,92,0.38559708595275877,0.0122257661852553,0.02430729866027832,0.0009466526507910673
10,10,50,0.47658979734451434,0.49506346967559944,0.4449275362318841,0.5021097046413502,0.49746192893401014,0.48323048736547164,0.021024714380541737,92,0.39862866401672364,0.026868645799798262,0.026555585861206054,0.0016025330601244136
10,20,50,0.47658979734451434,0.49506346967559944,0.4449275362318841,0.5021097046413502,0.49746192893401014,0.48323048736547164,0.021024714380541737,92,0.36021990776062013,0.029069622786574798,0.024908685684204103,0.0010541893699509443
10,50,50,0.47658979734451434,0.49506346967559944,0.4449275362318841,0.5021097046413502,0.49746192893401014,0.48323048736547164,0.021024714380541737,92,0.35113916397094724,0.036258965065155586,0.024385929107666016,0.0020893506295008852
10,100,50,0.47658979734451434,0.49506346967559944,0.4449275362318841,0.5021097046413502,0.49746192893401014,0.48323048736547164,0.021024714380541737,92,0.38090004920959475,0.016884738508446864,0.025551366806030273,0.0018619343249691202
15,10,2,0.47301798800799466,0.4914134742404227,0.46132785763175904,0.49966777408637875,0.48897795591182364,0.48288100997567573,0.013810059549335204,98,0.6872617244720459,0.016530946997464744,0.02492866516113281,0.001771900308459054
7,100,5,0.48830811554332876,0.4873096446700508,0.450476889214967,0.49640287769784175,0.4907338769458858,0.48264628081441485,0.016391011316115364,99,0.25763955116271975,0.014988078530690917,0.025825929641723634,0.0018865074772801392
7,100,1,0.4879725085910653,0.48914616497829233,0.449669360764144,0.49640287769784175,0.4895833333333333,0.48255484907293533,0.01670580323792387,100,0.2579929828643799,0.011231566475626842,0.024494743347167967,0.001083873942792733
10,20,5,0.47983595352016406,0.5057941376959781,0.47719298245614034,0.49226441631504925,0.45743893412287195,0.4825052848220407,0.01613244642998316,101,0.44931907653808595,0.06751764750376571,0.026138687133789064,0.0016788442523234819
7,100,10,0.48261758691206547,0.49416909620991256,0.46153846153846156,0.48644688644688644,0.4865269461077844,0.4822597954430221,0.011018833369701993,102,0.25956525802612307,0.008462552977976568,0.026407861709594728,0.001652732328744318
7,100,2,0.48693259972489683,0.48914616497829233,0.44900953778429936,0.49640287769784175,0.4895833333333333,0.48221490270373274,0.01690258989452012,103,0.2691219329833984,0.021012434188568366,0.028749704360961914,0.00619982282410784
10,50,2,0.4820801124385102,0.4965612104539202,0.48951048951048953,0.47748391708363114,0.46025738077214234,0.4811786220517387,0.012314267397608408,104,0.44129157066345215,0.059131468138903825,0.025690460205078126,0.0016891957547518217
10,50,1,0.48314606741573035,0.4955264969029594,0.4891684136967156,0.47714285714285715,0.4599092284417549,0.4809786127200034,0.012182311839786401,105,0.5082238197326661,0.049874975815622946,0.04247579574584961,0.01739968703011513
7,50,10,0.4933510638297872,0.48911465892597966,0.46511627906976744,0.4737631184407796,0.4831804281345566,0.4809051096801741,0.010273955017325451,106,0.28719558715820315,0.04764853952656261,0.025794315338134765,0.002027831857477265
10,2,5,0.47638603696098564,0.4958563535911602,0.4836692147324531,0.4889206576125804,0.456973293768546,0.4803611113331451,0.013319933482897383,107,0.45796971321105956,0.00994344055045177,0.02637181282043457,0.002419228595121124
10,5,5,0.47638603696098564,0.4958563535911602,0.4836692147324531,0.4889206576125804,0.456973293768546,0.4803611113331451,0.013319933482897383,107,0.4503768444061279,0.061018014031218586,0.025894784927368165,0.0023727031647904763
10,10,5,0.47638603696098564,0.4958563535911602,0.4836692147324531,0.4889206576125804,0.456973293768546,0.4803611113331451,0.013319933482897383,107,0.43698410987854003,0.011516388684064405,0.02628803253173828,0.0016231983368623568
20,2,5,0.4682230869001297,0.4706649282920469,0.480946123521682,0.49163449163449163,0.48897290485192185,0.4800883070400544,0.009408186032183729,110,1.1423141956329346,0.06189740926112527,0.03472599983215332,0.0035890057111401864
20,5,5,0.4682230869001297,0.4706649282920469,0.480946123521682,0.49163449163449163,0.48897290485192185,0.4800883070400544,0.009408186032183729,110,1.1569552898406983,0.057680559961555904,0.02968940734863281,0.0037022060383758784
20,10,5,0.4682230869001297,0.4706649282920469,0.480946123521682,0.49163449163449163,0.48897290485192185,0.4800883070400544,0.009408186032183729,110,1.1662506103515624,0.07360372291293492,0.03108367919921875,0.002215097579449514
10,100,20,0.4704225352112676,0.4971671388101983,0.4470588235294118,0.5067043048694425,0.47668393782383417,0.4796073480488309,0.020951872866724848,113,0.4143568992614746,0.0553581157260277,0.026843690872192384,0.0004907874473740096
15,2,2,0.48184818481848185,0.47246184472461844,0.4539792387543253,0.5013192612137203,0.48468708388814913,0.478859122679859,0.015538926839770897,114,0.697008466720581,0.02851735382157061,0.02368927001953125,0.00071338142545463
,2,5,0.4726810673443456,0.4707395498392283,0.4769928710304601,0.4842646114322415,0.48743718592964824,0.47842305711518474,0.0064719461979825255,115,1.3778212070465088,0.0638090162174839,0.02966785430908203,0.00121306682343286
,5,5,0.4726810673443456,0.4707395498392283,0.4769928710304601,0.4842646114322415,0.48743718592964824,0.47842305711518474,0.0064719461979825255,115,1.360202169418335,0.10047514083978486,0.030684375762939455,0.0027493922134274374
,10,5,0.4726810673443456,0.4707395498392283,0.4769928710304601,0.4842646114322415,0.48743718592964824,0.47842305711518474,0.0064719461979825255,115,1.371506357192993,0.08359413169548421,0.03386845588684082,0.0043528761194718555
20,10,1,0.4866581956797967,0.47351627313337585,0.4678362573099415,0.47942521227955587,0.4845758354755784,0.47840235477564963,0.006968977255380976,118,0.9383983612060547,0.027235281214997444,0.026117610931396484,0.0024612210713122395
7,50,2,0.49765258215962443,0.48559077809798273,0.449669360764144,0.4788104089219331,0.48006134969325154,0.47835689592738717,0.015816055569259465,119,0.29488177299499513,0.03237882968381584,0.02646503448486328,0.0015032826859560126
7,50,1,0.49865951742627346,0.48559077809798273,0.4485294117647059,0.4788104089219331,0.48006134969325154,0.47833029318082937,0.016476113623094927,120,0.27999157905578614,0.02726975572821734,0.02733469009399414,0.0020346716971623
7,2,10,0.4795164539959704,0.4960346070656092,0.45937961595273263,0.4718934911242604,0.48448145344436033,0.4782611243165866,0.012273737382377692,121,0.3343044757843018,0.09532077563305727,0.025391912460327147,0.0015187479344006272
7,5,10,0.4795164539959704,0.4960346070656092,0.45937961595273263,0.4718934911242604,0.48448145344436033,0.4782611243165866,0.012273737382377692,121,0.29985766410827636,0.028434312682984415,0.026325321197509764,0.0008660223026441562
7,10,10,0.4795164539959704,0.4960346070656092,0.45937961595273263,0.4718934911242604,0.48448145344436033,0.4782611243165866,0.012273737382377692,121,0.28236937522888184,0.029275479328684174,0.028117036819458006,0.007005443721805586
7,20,10,0.4795164539959704,0.4960346070656092,0.45937961595273263,0.4718934911242604,0.48448145344436033,0.4782611243165866,0.012273737382377692,121,0.27441558837890623,0.025523433270390906,0.024719429016113282,0.0013430192198196794
7,50,5,0.4996651038178165,0.48231046931407945,0.4514705882352941,0.47540983606557374,0.48244274809160304,0.4782597491048734,0.01560689699812832,125,0.2626082420349121,0.012820162217573428,0.02404646873474121,0.0008406644697831183
15,5,2,0.4806924101198402,0.46235842771485675,0.46584699453551914,0.495364238410596,0.4852941176470588,0.4779112376855742,0.01228238520574341,126,0.7036731719970704,0.026796464802321816,0.02563900947570801,0.0019128817910023727
7,50,20,0.4861580013504389,0.4937728937728938,0.4580265095729013,0.4878048780487805,0.46297739672642246,0.47774793589428743,0.01439287354871135,127,0.25925822257995607,0.006119875234752299,0.02413806915283203,0.0005701418612350669
7,10,1,0.489247311827957,0.48923959827833574,0.44624447717231225,0.4788104089219331,0.4817629179331307,0.4770609428267337,0.015947733349867488,128,0.3312936782836914,0.06572895213447078,0.03582463264465332,0.012971986464625265
7,5,1,0.489247311827957,0.48923959827833574,0.44900953778429936,0.4758364312267658,0.48139711465451784,0.4769459987543751,0.014858965757933463,129,0.29272031784057617,0.03656296011126931,0.02520608901977539,0.0013355810352852506
7,2,1,0.4909213180901143,0.48923959827833574,0.4444444444444444,0.4758364312267658,0.48406676783004554,0.4769017119739411,0.017057079809190835,130,0.27828001976013184,0.01580611402678074,0.02314591407775879,0.004168116054061921
20,10,2,0.48117421825143586,0.4766233766233766,0.47389033942558745,0.467412771560237,0.4844559585492228,0.4767113328819719,0.005904668586555415,131,0.947292709350586,0.03175877868607372,0.026784658432006836,0.0018435913120965347
7,5,2,0.4879032258064516,0.48738284066330206,0.4514705882352941,0.4784546805349183,0.4782939832444783,0.4767010636968889,0.013279896474046522,132,0.28814234733581545,0.023332212595609487,0.025029611587524415,0.0009357419322025786
7,100,20,0.4839809134287662,0.4896755162241888,0.4494047619047619,0.49045521292217326,0.4698703279938978,0.4766773464947576,0.015506472717261466,133,0.26957263946533205,0.012271347194551516,0.02628927230834961,0.002298338746570623
,5,1,0.4827586206896552,0.46919431279620855,0.478180700676091,0.46494464944649444,0.4881314668289714,0.4766419500874841,0.008533282499606052,134,1.5503663063049316,0.11593156831579997,0.030246925354003907,0.0011554386537009176
7,2,5,0.49193548387096775,0.4841040462427746,0.4505169867060561,0.4745508982035928,0.4818731117824773,0.4765961053611737,0.014169091772332816,135,0.35541858673095705,0.08571982382442882,0.026564359664916992,0.0010268831517760777
7,5,5,0.49193548387096775,0.4841040462427746,0.4505169867060561,0.4745508982035928,0.4818731117824773,0.4765961053611737,0.014169091772332816,135,0.27461581230163573,0.010913470068798949,0.025662755966186522,0.0024213919520928544
7,10,5,0.49193548387096775,0.4841040462427746,0.4505169867060561,0.4745508982035928,0.4818731117824773,0.4765961053611737,0.014169091772332816,135,0.2843904972076416,0.013842397072776368,0.02578740119934082,0.0016866531088823348
7,2,2,0.4879032258064516,0.48738284066330206,0.4514705882352941,0.47767857142857145,0.4782939832444783,0.4765458418756195,0.01326301724411798,138,0.29113268852233887,0.02270838444342342,0.024671125411987304,0.0006419992204473453
10,10,1,0.47255038220986795,0.4969029593943565,0.4767932489451477,0.4747191011235955,0.46096654275092935,0.47638644688477944,0.011630663360673128,139,0.46080951690673827,0.03593107879544084,0.03209962844848633,0.008137259671320562
7,20,1,0.4908968307484828,0.4899713467048711,0.4437869822485207,0.4758364312267658,0.48139711465451784,0.4763777411166316,0.017223441975025736,140,0.3092024326324463,0.043606216037795166,0.025876998901367188,0.000977928679353042
10,50,20,0.478502080443828,0.49043231750531535,0.46286950252343184,0.5024424284717376,0.4474097331240188,0.47633121241366627,0.01950906986153739,141,0.42647452354431153,0.053027675844526036,0.024370384216308594,0.0005736986443768353
15,2,5,0.4738583719391132,0.47523427041499333,0.46872852233676976,0.4831237590999338,0.48057932850559576,0.47630485045928117,0.005085289061967291,142,0.6766164302825928,0.02662365012988731,0.025710582733154297,0.0021129489654894674
15,5,5,0.4738583719391132,0.47523427041499333,0.46872852233676976,0.4831237590999338,0.48057932850559576,0.47630485045928117,0.005085289061967291,142,0.6820206642150879,0.010256320381892321,0.023324871063232423,0.003753103475972162
15,10,5,0.4738583719391132,0.47523427041499333,0.46872852233676976,0.4831237590999338,0.48057932850559576,0.47630485045928117,0.005085289061967291,142,0.6757256031036377,0.01995502437867156,0.023110151290893555,0.004306496055798846
10,5,1,0.4617543859649123,0.49793672627235214,0.4792691496837667,0.48218029350104824,0.4599406528189911,0.47621624164821413,0.014076289822441352,145,0.43763418197631837,0.05733617404700122,0.028031587600708008,0.007522932017857276
7,20,5,0.4932795698924731,0.48598130841121495,0.44394951744617667,0.47533632286995514,0.4818731117824773,0.4760839660804595,0.01709000961398599,146,0.2544234752655029,0.008683548067132143,0.023427152633666994,0.0005384577826549684
10,50,10,0.47050659264399725,0.4827586206896552,0.47,0.4914772727272727,0.46294881588999237,0.47553826039018343,0.010204605219379615,147,0.453720760345459,0.03127470451637954,0.03156070709228516,0.01442695655319028
7,20,2,0.4898785425101215,0.4885386819484241,0.4434589800443459,0.4758364312267658,0.4790874524714829,0.47536001764022806,0.016830102182496746,148,0.2728515625,0.006694565974611842,0.02565464973449707,0.0020663255911690923
7,2,20,0.48787061994609165,0.4930300807043287,0.4444444444444444,0.483271375464684,0.4681504221028396,0.4753533885324776,0.017544723397549436,149,0.26034154891967776,0.00929434370581802,0.02255988121032715,0.0028626691572384137
7,5,20,0.48787061994609165,0.4930300807043287,0.4444444444444444,0.483271375464684,0.4681504221028396,0.4753533885324776,0.017544723397549436,149,0.2649819850921631,0.013257348606428663,0.024149322509765626,0.004294241990467855
7,10,20,0.48787061994609165,0.4930300807043287,0.4444444444444444,0.483271375464684,0.4681504221028396,0.4753533885324776,0.017544723397549436,149,0.2687240123748779,0.01580671446354923,0.026267480850219727,0.0055225781702190994
7,20,20,0.48787061994609165,0.4930300807043287,0.4444444444444444,0.483271375464684,0.4681504221028396,0.4753533885324776,0.017544723397549436,149,0.2878876686096191,0.0234441640066372,0.026348114013671875,0.0017592622650233576
10,2,1,0.4632610216934919,0.4951856946354883,0.47786366830639493,0.47592463363572923,0.46449704142011833,0.47534641193824456,0.011524179414631991,153,0.4172652244567871,0.03386062890792544,0.023631191253662108,0.0041454170410784195
7,10,2,0.4879032258064516,0.4844989185291997,0.44723247232472324,0.4765450483991065,0.4782939832444783,0.4748947296607919,0.014428723946231792,154,0.25885753631591796,0.021165189446087005,0.022619342803955077,0.0027505176406173583
7,2,50,0.4832869080779944,0.49526584122359796,0.42749244712990936,0.48125937031484256,0.4809559372666169,0.4736521008025923,0.023672403722174114,155,0.2511577606201172,0.012032447136432494,0.025279951095581055,0.0013612861607431397
7,5,50,0.4832869080779944,0.49526584122359796,0.42749244712990936,0.48125937031484256,0.4809559372666169,0.4736521008025923,0.023672403722174114,155,0.2517672538757324,0.007648377803855502,0.02422928810119629,0.0006783205760241742
7,10,50,0.4832869080779944,0.49526584122359796,0.42749244712990936,0.48125937031484256,0.4809559372666169,0.4736521008025923,0.023672403722174114,155,0.34255781173706057,0.09163052108236155,0.024724817276000975,0.004253286850706072
7,20,50,0.4832869080779944,0.49526584122359796,0.42749244712990936,0.48125937031484256,0.4809559372666169,0.4736521008025923,0.023672403722174114,155,0.2523442268371582,0.0048971117125478384,0.02739124298095703,0.008533903261565041
7,50,50,0.4832869080779944,0.49526584122359796,0.42749244712990936,0.48125937031484256,0.4809559372666169,0.4736521008025923,0.023672403722174114,155,0.2597792625427246,0.016487524464513615,0.02441244125366211,0.0020696844836968673
7,100,50,0.4832869080779944,0.49526584122359796,0.42749244712990936,0.48125937031484256,0.4809559372666169,0.4736521008025923,0.023672403722174114,155,0.2718264102935791,0.03775911505564897,0.025123214721679686,0.001198377367113631
10,20,1,0.469601677148847,0.5034106412005457,0.4658119658119658,0.47419804741980476,0.453392990305742,0.473283064377381,0.016574034219099837,161,0.4933480739593506,0.07213082031987383,0.029390382766723632,0.004111028827557267
10,20,2,0.47067039106145253,0.49794801641586867,0.46628407460545196,0.47545582047685836,0.45603576751117736,0.4732788140141618,0.013902243032511447,162,0.4413729667663574,0.039525029935858595,0.025280523300170898,0.0016153878317041249
,10,1,0.4805352798053528,0.4792682926829268,0.4618249534450652,0.461440407903123,0.4829800899165061,0.4732098047505948,0.00952848229708823,163,1.4908371448516846,0.10651121835611482,0.030928373336791992,0.003132052694090605
20,5,2,0.47527296082209375,0.4617363344051447,0.47183565275016565,0.47028086218158066,0.4842240824211204,0.47266997851602105,0.007296867599482955,164,0.9421545028686523,0.013928853302440113,0.02430415153503418,0.005643038252560563
10,10,2,0.4647592463363573,0.4913733609385783,0.47375886524822697,0.4740951029098652,0.4540702016430172,0.47161135541520904,0.012296024860856125,165,0.46603145599365237,0.06155862908014155,0.023469305038452147,0.0010209956414665201
10,2,20,0.4806094182825485,0.48825622775800714,0.450476889214967,0.4954128440366973,0.44028103044496486,0.47100728194743696,0.021683902655239076,166,0.42839651107788085,0.031160337552081533,0.026199483871459962,0.001408268493458666
10,5,20,0.4806094182825485,0.48825622775800714,0.450476889214967,0.4954128440366973,0.44028103044496486,0.47100728194743696,0.021683902655239076,166,0.4377119541168213,0.033831957034540214,0.027349090576171874,0.004065487955734124
10,10,20,0.4806094182825485,0.48825622775800714,0.450476889214967,0.4954128440366973,0.44028103044496486,0.47100728194743696,0.021683902655239076,166,0.4232187747955322,0.01678156033880646,0.025029516220092772,0.000799320275049053
10,20,20,0.4806094182825485,0.48825622775800714,0.450476889214967,0.4954128440366973,0.44028103044496486,0.47100728194743696,0.021683902655239076,166,0.4243156433105469,0.038202313685574814,0.024179410934448243,0.0016287105438014993
,10,2,0.4572514249525016,0.47341772151898737,0.4752851711026616,0.4609375,0.48508430609597925,0.47039522473402595,0.010109640976837156,170,1.5593852043151855,0.10102170845717581,0.028944778442382812,0.0008617068000786846
10,2,2,0.45473684210526316,0.4879393521709166,0.4815340909090909,0.4738330975954738,0.4535928143712575,0.4703272394304004,0.013936804135377732,171,0.5105517864227295,0.1118956390111176,0.03054814338684082,0.004871231962998777
10,5,2,0.46186144156752973,0.48551724137931035,0.47476901208244493,0.4759887005649718,0.4507888805409467,0.4697850552270407,0.01211994248067884,172,0.44898533821105957,0.02095912150325745,0.02584247589111328,0.0012771757663608647
20,2,2,0.48081841432225064,0.45157152020525976,0.4654255319148936,0.47043534762833006,0.4777636594663278,0.4692028947074124,0.010342724649568142,173,0.9519366264343262,0.12243587898171579,0.025176191329956056,0.0011214849752525823
,2,1,0.4684788895315211,0.4612736660929432,0.47107438016528924,0.45073746312684365,0.4806662700773349,0.46644613379878647,0.01001280972081313,174,1.5270779609680176,0.1192366577529162,0.03286552429199219,0.0016996616197762775
,5,2,0.45864661654135336,0.4497189256714553,0.46748229233741145,0.46153846153846156,0.4802547770700637,0.46352821463174915,0.010138029398088635,175,1.6236021518707275,0.12373688016788127,0.030999135971069337,0.0030241089955799004
10,2,10,0.4509394572025052,0.4853146853146853,0.447178002894356,0.4872159090909091,0.44696969696969696,0.46352355029443054,0.018631950029254416,176,0.4756186485290527,0.07228211747630855,0.026227378845214845,0.0029003257572809975
10,5,10,0.4509394572025052,0.4853146853146853,0.447178002894356,0.4872159090909091,0.44696969696969696,0.46352355029443054,0.018631950029254416,176,0.464324426651001,0.03844987171847831,0.025907373428344725,0.0015791922103958233
10,10,10,0.4509394572025052,0.4853146853146853,0.447178002894356,0.4872159090909091,0.44696969696969696,0.46352355029443054,0.018631950029254416,176,0.4473389148712158,0.03133987806122785,0.025203990936279296,0.0006218384255577264
10,20,10,0.4509394572025052,0.4853146853146853,0.447178002894356,0.4872159090909091,0.44696969696969696,0.46352355029443054,0.018631950029254416,176,0.4887979984283447,0.0800875532240826,0.027965021133422852,0.0020945605557271636
,2,2,0.46766169154228854,0.45068664169787764,0.47533632286995514,0.4604501607717042,0.4618320610687023,0.46319337559010554,0.008163501865092234,180,1.5207430362701415,0.09553805936327776,0.02912931442260742,0.003358885120608205
5,2,20,0.4392156862745098,0.4579799537393986,0.4261275272161742,0.45591739475774423,0.46504320502749413,0.4488567534030642,0.014175010090567264,181,0.19535179138183595,0.00880397151209047,0.026108455657958985,0.0025521809719341025
5,5,20,0.4392156862745098,0.4579799537393986,0.4261275272161742,0.45591739475774423,0.46504320502749413,0.4488567534030642,0.014175010090567264,181,0.21222376823425293,0.028035000566206773,0.030822134017944335,0.007252485612135033
5,10,20,0.4392156862745098,0.4579799537393986,0.4261275272161742,0.45591739475774423,0.46504320502749413,0.4488567534030642,0.014175010090567264,181,0.1927928924560547,0.013590561874517442,0.025324440002441405,0.0019640003209687455
5,20,20,0.4392156862745098,0.4579799537393986,0.4261275272161742,0.45591739475774423,0.46504320502749413,0.4488567534030642,0.014175010090567264,181,0.22211999893188478,0.08872234557737302,0.03255605697631836,0.017384281370001812
5,50,20,0.4392156862745098,0.4579799537393986,0.4261275272161742,0.45591739475774423,0.46504320502749413,0.4488567534030642,0.014175010090567264,181,0.1963487148284912,0.031985141741455565,0.027400922775268555,0.0023533499073942156
5,2,1,0.42643587726199844,0.45236250968241676,0.442911877394636,0.45346062052505964,0.4670846394984326,0.44845110487250867,0.013438424276006639,186,0.12024049758911133,0.00485152308202207,0.022083520889282227,0.003732681837871316
5,2,2,0.42643587726199844,0.45236250968241676,0.442911877394636,0.45346062052505964,0.4670846394984326,0.44845110487250867,0.013438424276006639,186,0.1685248851776123,0.024428196848459167,0.022089004516601562,0.0030454265141044937
5,5,1,0.42643587726199844,0.45236250968241676,0.442911877394636,0.45346062052505964,0.4670846394984326,0.44845110487250867,0.013438424276006639,186,0.1918262481689453,0.00733589801849008,0.025896644592285155,0.00177662245488162
5,5,2,0.42643587726199844,0.45236250968241676,0.442911877394636,0.45346062052505964,0.4670846394984326,0.44845110487250867,0.013438424276006639,186,0.1733297348022461,0.020337240648319023,0.01789698600769043,0.004493317447477639
5,10,1,0.42643587726199844,0.45236250968241676,0.442911877394636,0.45346062052505964,0.4670846394984326,0.44845110487250867,0.013438424276006639,186,0.17760658264160156,0.015816789894279516,0.02527012825012207,0.001368960089666557
5,10,2,0.42643587726199844,0.45236250968241676,0.442911877394636,0.45346062052505964,0.4670846394984326,0.44845110487250867,0.013438424276006639,186,0.19305572509765626,0.014837156644442077,0.026226091384887695,0.002865081036593452
5,20,1,0.42643587726199844,0.4499612102404965,0.442911877394636,0.450996015936255,0.4670846394984326,0.4474779240663637,0.0131649799588701,192,0.1898420810699463,0.011646367629695037,0.023531532287597655,0.003508040238019136
5,20,2,0.42643587726199844,0.4499612102404965,0.442911877394636,0.450996015936255,0.4670846394984326,0.4474779240663637,0.0131649799588701,192,0.20455703735351563,0.023709696549557797,0.026555967330932618,0.0010644864211410237
5,50,1,0.42643587726199844,0.4499612102404965,0.442911877394636,0.450996015936255,0.4670846394984326,0.4474779240663637,0.0131649799588701,192,0.18990883827209473,0.012199571405648145,0.024094438552856444,0.001594508703437147
5,50,2,0.42643587726199844,0.4499612102404965,0.442911877394636,0.450996015936255,0.4670846394984326,0.4474779240663637,0.0131649799588701,192,0.18547706604003905,0.020208578725912085,0.025321769714355468,0.0005190942121478725
5,50,5,0.42643587726199844,0.4499612102404965,0.442911877394636,0.450996015936255,0.4670846394984326,0.4474779240663637,0.0131649799588701,192,0.19831089973449706,0.009465785016028077,0.02749471664428711,0.00251735426321581
5,2,5,0.42643587726199844,0.4535603715170279,0.44171779141104295,0.45222929936305734,0.46226415094339623,0.4472414980993046,0.012279019628567197,197,0.1806042194366455,0.01001255516526684,0.02540435791015625,0.002199855263949736
5,5,5,0.42643587726199844,0.4535603715170279,0.44171779141104295,0.45222929936305734,0.46226415094339623,0.4472414980993046,0.012279019628567197,197,0.21291084289550782,0.041991839665930064,0.0248321533203125,0.0016741233446594152
5,10,5,0.42643587726199844,0.4535603715170279,0.44171779141104295,0.45222929936305734,0.46226415094339623,0.4472414980993046,0.012279019628567197,197,0.20458731651306153,0.022772460558058916,0.02406730651855469,0.0029495997488219257
5,50,10,0.42586750788643535,0.4499612102404965,0.442911877394636,0.450996015936255,0.4662480376766091,0.44719692982688636,0.013102098506988579,200,0.1944347858428955,0.019701785357414056,0.02340383529663086,0.003084623868337247
5,2,10,0.42586750788643535,0.4499612102404965,0.44171779141104295,0.450996015936255,0.4662480376766091,0.4469581126301677,0.013188624201180011,201,0.23043928146362305,0.08190733944206886,0.0274935245513916,0.004224754704787826
5,5,10,0.42586750788643535,0.4499612102404965,0.44171779141104295,0.450996015936255,0.4662480376766091,0.4469581126301677,0.013188624201180011,201,0.20827436447143555,0.0214959425597931,0.025922632217407225,0.0015460141354204377
5,10,10,0.42586750788643535,0.4499612102404965,0.44171779141104295,0.450996015936255,0.4662480376766091,0.4469581126301677,0.013188624201180011,201,0.20464730262756348,0.02311108159213459,0.026170015335083008,0.0013509819925822024
5,20,10,0.42586750788643535,0.4499612102404965,0.44171779141104295,0.450996015936255,0.4662480376766091,0.4469581126301677,0.013188624201180011,201,0.1837010860443115,0.008870022983302788,0.02587103843688965,0.0026751659875773434
5,20,5,0.42643587726199844,0.4499612102404965,0.44171779141104295,0.450996015936255,0.46226415094339623,0.4462750091586378,0.01188181826518617,205,0.21241540908813478,0.03635037270849193,0.02671637535095215,0.002375059956882202
5,100,1,0.4227129337539432,0.4559505409582689,0.4310077519379845,0.45166402535657685,0.46755277560594216,0.44577760552254314,0.01650711510049807,206,0.18242030143737792,0.010726129968785443,0.022920846939086914,0.0033772789046587134
5,100,2,0.4227129337539432,0.4559505409582689,0.4310077519379845,0.45166402535657685,0.46755277560594216,0.44577760552254314,0.01650711510049807,206,0.18053731918334961,0.013072621846136834,0.026545000076293946,0.0016396999255129966
5,100,5,0.4227129337539432,0.4559505409582689,0.4310077519379845,0.45166402535657685,0.46755277560594216,0.44577760552254314,0.01650711510049807,206,0.20830168724060058,0.006319151992107891,0.026732683181762695,0.0011849765560978042
5,100,10,0.42213438735177866,0.4559505409582689,0.4310077519379845,0.45166402535657685,0.4667188723570869,0.4454951155923392,0.01645251681691192,209,0.19018125534057617,0.011925169551004906,0.024864387512207032,0.001044850542656273
5,100,20,0.4224683544303797,0.4579799537393986,0.4138473642800944,0.45166402535657685,0.46551724137931033,0.442295387837152,0.020373672994636542,210,0.20374789237976074,0.03327522909116832,0.026355791091918945,0.0026579313622348906
5,2,50,0.4251968503937008,0.44875776397515527,0.4138473642800944,0.44745222929936307,0.46442533229085226,0.4399359080478332,0.018066012639020593,211,0.19749717712402343,0.01073436444623994,0.026276302337646485,0.002355015811746656
5,5,50,0.4251968503937008,0.44875776397515527,0.4138473642800944,0.44745222929936307,0.46442533229085226,0.4399359080478332,0.018066012639020593,211,0.21310806274414062,0.03626115116654748,0.02590289115905762,0.0014504731321499029
5,10,50,0.4251968503937008,0.44875776397515527,0.4138473642800944,0.44745222929936307,0.46442533229085226,0.4399359080478332,0.018066012639020593,211,0.19758968353271483,0.012592362794452807,0.024186182022094726,0.004170008376913901
5,20,50,0.4251968503937008,0.44875776397515527,0.4138473642800944,0.44745222929936307,0.46442533229085226,0.4399359080478332,0.018066012639020593,211,0.19333209991455078,0.00884669581574001,0.02404050827026367,0.0005845708589641093
5,50,50,0.4251968503937008,0.44875776397515527,0.4138473642800944,0.44745222929936307,0.46442533229085226,0.4399359080478332,0.018066012639020593,211,0.2010951042175293,0.017375780865337417,0.024616718292236328,0.002537438320808122
5,100,50,0.4251968503937008,0.44875776397515527,0.4138473642800944,0.44745222929936307,0.46442533229085226,0.4399359080478332,0.018066012639020593,211,0.20445265769958496,0.005703225665625142,0.026804447174072266,0.001564283960262724
